Image	human_evaluation	llm_evaluation	Reason
#9 How to perform oral suctioning_frame_11.jpg	No Suctioning	Oral Suctioning	{}
#9 How to perform oral suctioning_frame_13.jpg	No Suctioning	Tracheal Suctioning	{'observation': '**\nThe image shows a man, likely a medical professional, demonstrating the proper use of a medical device on a mannequin. The man is holding a clear, long tube with a rounded end, and the mannequin is positioned in a hospital bed with a metal frame and a white sheet. The background features a large screen or projector displaying a blank gray wall.\n\n**', 'evidence': '**\n\n* The mannequin is positioned in a hospital bed, indicating a medical setting.\n* The man is holding a clear, long tube with a rounded end, which is consistent with a tracheal suctioning device.\n* The mannequin has a tracheostomy opening in its neck, which is a common location for tracheal suctioning.\n* The man is positioned at the head of the bed, which is consistent with the proper positioning for tracheal suctioning.\n* There are no visible signs of oral suctioning or dental procedures being performed.\n\n**Conclusion:**\nBased on the evidence, it appears that the man is demonstrating tracheal suctioning on the mannequin. The presence of a tracheostomy opening, the type of suction device, and the proper positioning of the man all support this classification.<|eot_id|>'}
#9 How to perform oral suctioning_frame_14.jpg	No Suctioning	Tracheal Suctioning	"{'observation': ""** The image depicts a man intubating a mannequin, with the mannequin positioned on its back and lying on a hospital bed, dressed in a blue and white plaid shirt. The man, standing behind the mannequin, is wearing a light-colored shirt and has short gray hair. He holds a tube in his right hand and a device in his left, with the tube extending into the mannequin's mouth. A table with various medical supplies is visible to the right of the man, while the background features a large screen and a dark wall, suggesting a training room or presentation setting.\n\n**"", 'evidence': ""**\n\n* The man is actively inserting the tube into the mannequin's mouth, which is a key indicator of tracheal suctioning.\n* The mannequin is positioned on its back, which is consistent with the positioning required for tracheal suctioning.\n* The man is standing at the head of the mannequin, which is also consistent with the positioning required for tracheal suctioning.\n* The equipment visible on the table appears to be medical supplies, which supports the conclusion that this is a medical procedure.\n* The background suggests a training room or presentation setting, which is consistent with a medical training scenario.\n\nOverall, based on the observation of the man actively inserting the tube into the mannequin's mouth, the positioning of the mannequin and the man, and the presence of medical supplies, it is clear that this image depicts tracheal suctioning.<|eot_id|>""}"
#9 How to perform oral suctioning_frame_15.jpg	No Suctioning	Tracheal Suctioning	{}
#9 How to perform oral suctioning_frame_16.jpg	No Suctioning	Tracheal Suctioning	"{'observation': ""**\nThe image depicts a man standing behind a medical mannequin, intubating it with a tube. The man, dressed in a white button-up shirt, has short gray hair and is holding the tube in his left hand while guiding it into the mannequin's mouth with his right hand. The mannequin lies on a hospital bed, covered by a blue and white checkered sheet, and has a white pillow under its head. In the background, a black table with various medical supplies is visible on the right side of the image.\n\n**"", 'evidence': ""**\n* The man is actively inserting the tube into the mannequin's mouth, indicating a medical procedure.\n* The mannequin is positioned on a hospital bed, suggesting a medical setting.\n* The presence of a black table with medical supplies in the background further supports a medical context.\n* The tube being inserted is thin and flexible, consistent with a tracheal suctioning catheter.\n* The man's positioning at the head of the bed, within 30cm of the mannequin's head, aligns with the proper stance for tracheal suctioning.\n* The overall setup and equipment suggest a sterile field, typical of medical procedures.\n\nBased on these observations, it is clear that the scenario depicted is tracheal suctioning.<|eot_id|>""}"
#9 How to perform oral suctioning_frame_17.jpg	No Suctioning	Tracheal Suctioning	{}
#9 How to perform oral suctioning_frame_18.jpg	No Suctioning	Tracheal Suctioning	{}
#9 How to perform oral suctioning_frame_19.jpg	Oral Suctioning	Tracheal Suctioning	{}
#9 How to perform oral suctioning_frame_20.jpg	Oral Suctioning	Tracheal Suctioning	"{'observation': ""**\n\nThe image depicts a mannequin head positioned on a white pillow, with a person's hand holding a long, thin, translucent tube above its mouth. The mannequin features a bald head and is dressed in a blue plaid shirt. Its eyes are open, and it appears to be lying on its back. In the background, a person's arm is visible, clad in a white button-up shirt and khaki pants.\n\n**"", 'evidence': ""**\n\nThe key evidence that led to this conclusion includes:\n\n* The presence of a long, thin, translucent tube being held above the mannequin's mouth, which is consistent with the type of equipment used for tracheal suctioning.\n* The mannequin's position, lying on its back, which is typical for tracheal suctioning procedures.\n* The caregiver's positioning, with their arm visible and holding the suction tube, which is consistent with the stance required for tracheal suctioning.\n* The absence of any dental or oral suctioning equipment or setup, which rules out oral suctioning.\n* The overall clinical setting, which appears to be a medical facility, further supports the classification as tracheal suctioning.\n\nTherefore, based on the detailed analysis of the image, I conclude that the scenario depicts tracheal suctioning.<|eot_id|>""}"
#9 How to perform oral suctioning_frame_22.jpg	Oral Suctioning	Tracheal Suctioning	{}
#9 How to perform oral suctioning_frame_23.jpg	Oral Suctioning	Tracheal Suctioning	{}
#9 How to perform oral suctioning_frame_24.jpg	Oral Suctioning	Tracheal Suctioning	"{'observation': ""**\n\nThe image shows a man, likely a medical professional, performing a procedure on a mannequin head. The man stands behind the mannequin, holding a long tube in his right hand, which is inserted into the mannequin's mouth. The mannequin lies on its back on a hospital bed, covered with a blue and white checkered shirt and a white pillow. In the background, a round table with a black top is visible, holding various medical supplies.\n\n**"", 'evidence': ""**\n\nThe key evidence that led to this conclusion includes:\n\n* The mannequin is lying on its back on a hospital bed, indicating a medical setting.\n* The man is holding a long tube in his right hand, which is inserted into the mannequin's mouth, suggesting tracheal suctioning.\n* The mannequin has a tracheostomy opening in its neck, which is a common site for tracheal suctioning.\n* The equipment on the table appears to be medical supplies, including a suction catheter, which is consistent with tracheal suctioning.\n* The man's positioning and the setup of the mannequin suggest a medical procedure, specifically tracheal suctioning.\n\nOverall, based on the observation and analysis, I conclude that the scenario depicts tracheal suctioning.<|eot_id|>""}"
#9 How to perform oral suctioning_frame_25.jpg	No Suctioning	Tracheal Suctioning	{}
#9 How to perform oral suctioning_frame_27.jpg	Oral Suctioning	No Suctioning	"{'observation': ""A man, likely a medical professional, is standing behind a dummy that is lying on its back on a hospital bed. The man is holding a tube to the dummy's mouth and appears to be demonstrating a procedure."", 'evidence': ""* The man is not actively inserting the tube into the dummy's airways.\n* The tube is not visibly penetrating the dummy's tracheostomy opening (if present).\n* The man is not in the correct position for either oral or tracheal suctioning.\n* There is no clear evidence of ongoing suctioning process.\n* The equipment type does not match procedure specifications.\n* No active insertion of suction device into any body cavity.<|eot_id|>""}"
#9 How to perform oral suctioning_frame_28.jpg	Oral Suctioning	Tracheal Suctioning	"{'observation': ""** A man, likely a healthcare professional, is demonstrating how to use a breathing tube on a mannequin. The man is standing behind the mannequin, which is positioned on a table. He is grasping a clear tube attached to the mannequin's mouth with his left hand, while his right hand supports the mannequin's chin. A small microphone is clipped to the man's collar. The mannequin is covered with a blue and white plaid shirt and lies on a white cloth. To the right of the mannequin, a black table holds various items, including a white cloth, a tube, and a tool. The background of the image is a dark brown wall, providing a neutral setting for the demonstration.\n\n**"", 'evidence': ""**\n\n* The man is actively inserting the tube into the mannequin's mouth, which suggests that he is performing tracheal suctioning.\n* The mannequin is lying on its back, which is consistent with the position required for tracheal suctioning.\n* The man is wearing a name tag, which suggests that he is a healthcare professional.\n* The equipment on the table, including the white cloth, tube, and tool, appears to be related to tracheal suctioning.\n* The dark brown wall in the background provides a neutral setting for the demonstration, which is consistent with a medical or educational setting.\n\nOverall, based on the observation and analysis, it appears that the man is demonstrating how to perform tracheal suctioning on a mannequin.<|eot_id|>""}"
#9 How to perform oral suctioning_frame_29.jpg	Oral Suctioning	Tracheal Suctioning	"{'observation': ""** A man, likely a medical professional, is engaged in a training exercise on a mannequin. The man, with short gray hair, is dressed in a light-colored button-down shirt with a name tag and a small microphone attached to his collar. He is positioned behind the mannequin, holding a long, thin tube in his right hand and carefully inserting it into the mannequin's mouth. The mannequin lies on a blue and white plaid blanket, with a white cloth covering its neck. The background of the image is a dark brown wall.\n\n**"", 'evidence': ""**\n\n* The man is holding a thin, flexible catheter, which is typical for tracheal suctioning.\n* The catheter is being inserted through the mannequin's neck, which suggests a tracheostomy opening.\n* The mannequin is positioned on a table or bed, which is consistent with a medical setting.\n* The dark brown wall in the background suggests a hospital or clinical environment.\n* The man's attire and the presence of the mannequin suggest that this is a training exercise for medical professionals, specifically for tracheal suctioning.\n\nOverall, based on the observation of the man holding a thin, flexible catheter and inserting it through the mannequin's neck, I conclude that this image depicts tracheal suctioning.<|eot_id|>""}"
#9 How to perform oral suctioning_frame_30.jpg	Oral Suctioning	No Suctioning	{}
#9 How to perform oral suctioning_frame_31.jpg	Oral Suctioning	No Suctioning	{}
#9 How to perform oral suctioning_frame_32.jpg	No Suctioning	Tracheal Suctioning	{}
#9 How to perform oral suctioning_frame_33.jpg	No Suctioning	Tracheal Suctioning	{}
#9 How to perform oral suctioning_frame_34.jpg	Oral Suctioning	Tracheal Suctioning	"{'observation': ""**\n\nThe image shows a man, likely a healthcare professional, standing behind a mannequin head. He is holding a long tube in his right hand and touching the mannequin's forehead with his left hand. The mannequin has a small hole in the neck area where the tube is inserted. The background is a dark room, and there are various medical supplies on a black table to the right of the mannequin.\n\n**"", 'evidence': ""**\n\n* The man is holding a long tube, which is inserted into the mannequin's neck, indicating tracheal suctioning.\n* The mannequin has a small hole in the neck area, suggesting a tracheostomy opening.\n* The healthcare professional is standing at the head of the mannequin, which is a typical position for tracheal suctioning.\n* The equipment on the table, such as the syringe and scalpel, suggests a medical setting, which is consistent with tracheal suctioning.\n\nTherefore, based on the observation, classification, and evidence, I conclude that the scenario depicted in the image is tracheal suctioning.<|eot_id|>""}"
#9 How to perform oral suctioning_frame_35.jpg	No Suctioning	Tracheal Suctioning	{}
#9 How to perform oral suctioning_frame_4.jpg	No Suctioning	Oral Suctioning	"{'observation': '** The image depicts a slide from a presentation about oral suctioning, featuring the title ""HOW TO PERFORM ORAL SUCTIONING"" in white text at the center. The logo for ""SKILLSTAT"" is displayed above the title, accompanied by a blue circle with a white ""S2"" inside. The background of the image is a solid gray color.\n\n**', 'evidence': '**\n\n*   The title explicitly mentions ""oral suctioning,"" indicating that the presentation is focused on this specific topic.\n*   The presence of a dental setup, as suggested by the logo and the context of the title, supports the classification of oral suctioning.\n*   The absence of any medical equipment or tracheostomy-related elements in the image further confirms that the focus is on oral suctioning rather than tracheal suctioning.\n*   The gray background and simple design of the slide do not provide any evidence that would contradict the classification of oral suctioning.\n\n**Conclusion:** Based on the explicit mention of oral suctioning in the title and the absence of any medical equipment or tracheostomy-related elements, it can be concluded that the image is related to oral suctioning.<|eot_id|>'}"
#9 How to perform oral suctioning_frame_40.jpg	Oral Suctioning	Tracheal Suctioning	"{'observation': ""**\n\nThe image depicts a mannequin head with a tube inserted into its mouth, accompanied by a person's hand holding the tube. The mannequin is positioned on a white surface, likely a table or bed, with a blue and white striped sheet underneath it. The person's hand is visible, holding the tube, which is made of plastic or silicone and has a rounded end. The mannequin's head is bald, and it is wearing a blue plaid shirt. The background of the image is dark, suggesting that the scene is set in a medical or training environment.\n\n**"", 'evidence': ""**\n\n* The tube is inserted into the mannequin's mouth, which is a characteristic of tracheal suctioning.\n* The person's hand is holding the tube, indicating that they are actively performing suctioning.\n* The mannequin's head is positioned in a way that suggests tracheal suctioning, with the tube inserted at an angle that would allow for effective suctioning of the trachea.\n* The dark background and medical setting suggest a clinical or training environment, where tracheal suctioning is a common procedure.\n\n**Conclusion:**\n\nBased on the evidence, I conclude that the image depicts tracheal suctioning, specifically the insertion of a tube into the mannequin's mouth to clear respiratory secretions from the airways.<|eot_id|>""}"
#9 How to perform oral suctioning_frame_41.jpg	No Suctioning	Oral Suctioning	{}
#9 How to perform oral suctioning_frame_45.jpg	Oral Suctioning	No Suctioning	{}
#9 How to perform oral suctioning_frame_46.jpg	Oral Suctioning	No Suctioning	{}
#9 How to perform oral suctioning_frame_51.jpg	Oral Suctioning	Tracheal Suctioning	{}
#9 How to perform oral suctioning_frame_52.jpg	Oral Suctioning	Tracheal Suctioning	"{'observation': ""** The image depicts a person's hands demonstrating the proper use of a medical device on a mannequin head. The mannequin is positioned on its back with its head tilted upwards, featuring a bald head and a blue plaid shirt. A tube is inserted into the mannequin's mouth, with the person's hands grasping it at both ends. The person's hands are clad in a beige jacket and khaki pants, with only their torso visible in the frame. The mannequin is placed on a white pillow with blue stripes, which rests on a white sheet with blue stripes. The background of the image is dark, but appears to be a red carpet or rug.\n\n**"", 'evidence': ""**\n\n*   The person's hands are actively inserting the tube into the mannequin's mouth, indicating a medical procedure.\n*   The mannequin is positioned on its back with its head tilted upwards, which is consistent with a medical setting.\n*   The tube is inserted into the mannequin's mouth, which is a common location for tracheal suctioning.\n*   The person's hands are grasping the tube at both ends, which suggests that they are actively performing the suctioning procedure.\n*   The mannequin is placed on a white pillow with blue stripes, which is consistent with a medical setting.\n*   The background of the image is dark, but appears to be a red carpet or rug, which is consistent with a medical facility.\n\n**CONCLUSION:** Based on the observation and evidence, it is clear that the person is performing tracheal suctioning on the mannequin head. The active insertion of the tube into the mannequin's mouth, the positioning of the mannequin on its back, and the person's hands grasping the tube at both ends all support this conclusion. Therefore, the correct classification is Tracheal Suctioning.<|eot_id|>""}"
#9 How to perform oral suctioning_frame_53.jpg	Oral Suctioning	Tracheal Suctioning	{}
#9 How to perform oral suctioning_frame_55.jpg	No Suctioning	Tracheal Suctioning	"{'observation': ""**\n\nThe image depicts a man standing behind a mannequin lying on a hospital bed. The mannequin is dressed in a blue and white plaid shirt and has a tube inserted into its mouth, held in place by the man's hands. The man is wearing a white button-up shirt with a name tag on the left side and appears to be intently focused on the mannequin. In the background, a black table with papers on top is visible, while the dark wall behind them features a projector screen.\n\n**"", 'evidence': ""**\n\nThe key evidence that led to this conclusion includes:\n\n* The presence of a tube inserted into the mannequin's mouth, which is a characteristic feature of tracheal suctioning.\n* The man's hands holding the tube in place, indicating that he is actively performing suctioning.\n* The positioning of the mannequin on a hospital bed, which is consistent with a medical setting where tracheal suctioning is typically performed.\n* The presence of a black table with papers on top, which may indicate that the man is a healthcare professional preparing for or documenting a medical procedure.\n* The dark wall with a projector screen in the background, which suggests that the image may be part of a presentation or training session on medical procedures.\n\nOverall, the combination of these factors suggests that the man is performing tracheal suctioning on the mannequin, which is a common medical procedure used to clear respiratory secretions from the airways.<|eot_id|>""}"
#9 How to perform oral suctioning_frame_59.jpg	No Suctioning	Tracheal Suctioning	{}
#9 How to perform oral suctioning_frame_60.jpg	No Suctioning	Tracheal Suctioning	{}
#9 How to perform oral suctioning_frame_61.jpg	No Suctioning	Tracheal Suctioning	{}
#9 How to perform oral suctioning_frame_62.jpg	No Suctioning	Tracheal Suctioning	{}
#9 How to perform oral suctioning_frame_63.jpg	No Suctioning	Tracheal Suctioning	{}
#9 How to perform oral suctioning_frame_64.jpg	No Suctioning	Tracheal Suctioning	"{'observation': 'A man in a beige shirt is standing over a mannequin lying on a hospital bed, holding a medical device in his right hand.', 'evidence': ""* The mannequin has a tracheostomy tube in its neck, indicating that the procedure is tracheal suctioning.\n* The man is holding a thin, flexible catheter, which is appropriate for tracheal procedures.\n* The man is standing at the head of the bed, within 30cm of the mannequin's head, which is the correct position for tracheal suctioning.\n* There are no signs of oral suctioning or no suctioning at all.\n\nNote: The image suggests that the man is actively performing tracheal suctioning on the mannequin, as evidenced by the presence of the tracheostomy tube and the correct positioning of the man.<|eot_id|>""}"
#9 How to perform oral suctioning_frame_70.jpg	No Suctioning	Tracheal Suctioning	"{'observation': ""**\n\nThe image depicts a man demonstrating a medical procedure on a mannequin, set against a dark background. The man, with short gray hair, wears a light green button-up shirt and stands behind the mannequin, which lies on a hospital bed. He grasps a tube attached to the mannequin's head with his right hand. The mannequin is positioned on its back, wearing a blue and white plaid shirt and a white pillow, with a white sheet covering its body. A black table to the right of the mannequin holds a white device and a white piece of paper.\n\n**"", 'evidence': ""**\n\n* The mannequin has a tracheostomy opening in its neck.\n* The man is actively inserting the tube into the tracheostomy site.\n* The tube is visible penetrating at least 10cm into the trachea.\n* The man is standing at the head of the bed, within 30cm of the mannequin's head.\n* The equipment appears to be a sterile flexible catheter, which is appropriate for tracheal suctioning.\n\nTherefore, based on the evidence, I conclude that the scenario shows tracheal suctioning.<|eot_id|>""}"
#9 How to perform oral suctioning_frame_72.jpg	No Suctioning	Tracheal Suctioning	"{'observation': ""**\n\nThe image depicts a man, likely a medical professional, standing over a mannequin lying on a hospital bed, intubating it. The man, with short gray hair, wears a light-colored button-down shirt with a name tag on the left side of his chest. He holds a tube in his right hand, poised to insert it into the mannequin's mouth, which is open and has a breathing tube already in place. The mannequin, wearing a blue plaid shirt, lies on a hospital bed with a white sheet and blue stripes on the pillow. A black table with a white cloth and a medical device is visible to the right.\n\n**"", 'evidence': ""**\n\n* The mannequin has a breathing tube already in place, indicating it is a medical setting.\n* The man is holding a tube in his right hand, poised to insert it into the mannequin's mouth, which is open.\n* The mannequin is lying on a hospital bed, further indicating a medical setting.\n* The presence of a black table with a white cloth and a medical device suggests a sterile field, typical of tracheal suctioning procedures.\n* The man's positioning, with his hand near the mannequin's mouth, aligns with the proper technique for tracheal suctioning.\n* The overall atmosphere suggests a medical training or demonstration setting, which is consistent with tracheal suctioning procedures.\n\nTherefore, based on the evidence, I conclude that this scenario depicts **Tracheal Suctioning**.<|eot_id|>""}"
#9 How to perform oral suctioning_frame_73.jpg	Oral Suctioning	Tracheal Suctioning	"{'observation': ""**\nThe image depicts a man demonstrating how to use a device on a mannequin. The man, with short gray hair, wears a light-colored button-down shirt with a name tag and is standing behind the mannequin. He holds a long tube connected to the mannequin's mouth, which appears to be a medical device. The mannequin lies on a hospital bed, covered by a white sheet with blue stripes. In the background, a black table with a few papers is visible, and the room has a dark brown wall.\n\n**"", 'evidence': ""**\n\n* The man is holding a long tube connected to the mannequin's mouth, which suggests that the device is being used for suctioning.\n* The mannequin is lying on a hospital bed, which indicates that the scenario is set in a medical context.\n* The man is standing behind the mannequin, which suggests that he is actively performing suctioning.\n* The presence of a black table with papers in the background does not provide any direct evidence of the type of suctioning being performed, but it does suggest that the scenario is set in a medical facility.\n* The dark brown wall in the background does not provide any direct evidence of the type of suctioning being performed, but it does suggest that the scenario is set in a medical facility.\n\n**RATIONALE:**\nI classified this scenario as Tracheal Suctioning because the man is actively holding a tube connected to the mannequin's mouth, which suggests that he is performing suctioning. Additionally, the mannequin is lying on a hospital bed, which indicates that the scenario is set in a medical context. While the presence of a black table with papers in the background does not provide any direct evidence of the type of suctioning being performed, it does suggest that the scenario is set in a medical facility. Overall, based on the observation and evidence, I conclude that this scenario depicts Tracheal Suctioning.<|eot_id|>""}"
#9 How to perform oral suctioning_frame_74.jpg	Oral Suctioning	Tracheal Suctioning	"{'observation': ""**\n\nThe image depicts a man standing behind a mannequin, with the mannequin lying on its back on a hospital bed. The man is wearing a light-colored button-up shirt with a name tag on the right side of his chest, and he is holding a tube in his right hand that is inserted into the mannequin's mouth. The mannequin is wearing a blue and white plaid shirt and has a white pillow under its head. In the background, there is a dark wall and a round table with papers on it.\n\n**"", 'evidence': ""**\n\nThe key evidence that led to this conclusion includes:\n\n* The mannequin is lying on its back on a hospital bed, which suggests a medical setting.\n* The man is holding a tube in his right hand that is inserted into the mannequin's mouth, which is consistent with tracheal suctioning.\n* The mannequin has a white pillow under its head, which may indicate that it is positioned in a way that allows for tracheal suctioning.\n* The dark wall and round table in the background suggest a clinical or medical setting.\n\nOverall, based on the observation and evidence, I conclude that this scenario depicts tracheal suctioning.<|eot_id|>""}"
#9 How to perform oral suctioning_frame_75.jpg	Oral Suctioning	No Suctioning	"{'observation': ""**\n\nThe image shows a close-up view of a baby doll with a tube inserted into its mouth. The doll's face is the main focus of the image, with its mouth open and a clear plastic tube inserted into it. The tube is being held by a hand, which is partially visible in the top-left corner of the image.\n\n**"", 'evidence': ""**\n\nThe key evidence that led to this conclusion includes:\n\n* The tube is not actively inserted into the doll's airway.\n* The caregiver is not positioned in a way that suggests they are actively performing suctioning.\n* The equipment visible in the image does not match the specifications for either oral or tracheal suctioning.\n* The doll is not seated upright in a dental chair, and there is no indication of a tracheostomy opening in the neck.\n* The caregiver is not holding the tube in a way that suggests they are actively suctioning.\n\nTherefore, based on the analysis, the image does not depict a patient undergoing suctioning using a tube.<|eot_id|>""}"
#9 How to perform oral suctioning_frame_80.jpg	Oral Suctioning	No Suctioning	"{'observation': ""** The image depicts a person's hand holding a nasal aspirator, poised to administer suction to a baby doll's nose. The doll, with a light skin tone and brown eyes, lies on its back, gazing up at the aspirator. The hand, wearing a white glove, grasps the clear tube of the aspirator, which is positioned near the doll's nostrils. The background of the image features a white cloth or sheet, providing a clean and sterile environment for the medical procedure.\n\n**"", 'evidence': ""**\n\n* The suction device is visible but not inserted into the doll's nostrils.\n* The person's hand is holding the aspirator, but there is no active insertion or suctioning occurring.\n* The doll is lying on its back, which does not match the required positioning for either oral or tracheal suctioning.\n* The equipment type does not match the procedure specifications for oral or tracheal suctioning.\n* The caregiver is not in the correct position for either procedure.\n* There is no active insertion of the suction device into any body cavity.\n\nBased on these observations, the scenario does not meet the criteria for oral or tracheal suctioning, and therefore, it is classified as No Suctioning.<|eot_id|>""}"
#9 How to perform oral suctioning_frame_81.jpg	Oral Suctioning	Tracheal Suctioning	{}
#9 How to perform oral suctioning_frame_82.jpg	No Suctioning	Tracheal Suctioning	"{'observation': '** The image shows a man standing behind a mannequin lying on a hospital bed, with a table to the right. The man is wearing a white shirt with a name tag and has short gray hair. He is looking at the mannequin and holding a small device in his right hand, possibly a stethoscope or a medical tool.\n\n**', 'evidence': ""**\n\n* The mannequin is lying on its back with its head slightly elevated, which is consistent with the positioning required for tracheal suctioning.\n* The man is standing at the head of the bed, within 30cm of the mannequin's head, which is the correct position for tracheal suctioning.\n* The small device held by the man is likely a sterile flexible catheter, which is the appropriate equipment for tracheal suctioning.\n* The table to the right of the mannequin has a few items on it, including a white cloth and a small box, which could be medical supplies used for tracheal suctioning.\n* The overall setting appears to be a medical facility, with a hospital bed and a table with medical supplies, which supports the conclusion that tracheal suctioning is being performed.\n\n**CONCLUSION:** Based on the observation and analysis, the image shows tracheal suctioning being performed on the mannequin. The man is standing at the head of the bed, holding a sterile flexible catheter, and the mannequin is positioned correctly for the procedure. The presence of medical supplies on the table and the overall setting of a medical facility further support this conclusion.<|eot_id|>""}"
Oral suctioning_frame_11.jpg	Oral Suctioning	No Suctioning	{}
Oral suctioning_frame_12.jpg	Oral Suctioning	Tracheal Suctioning	"{'observation': ""** The image shows a woman in a blue shirt and black pants, wearing gloves and a mask, standing next to a hospital bed with a mannequin inside. The woman is holding a tube that is connected to the mannequin's mouth.\n\n**"", 'evidence': ""**\n\n* The woman is wearing a mask and gloves, indicating that she is a healthcare professional.\n* The mannequin is lying in a hospital bed, which suggests that the scene is set in a medical setting.\n* The tube connected to the mannequin's mouth is a common piece of equipment used for tracheal suctioning.\n* The woman is holding the tube in her hand, which indicates that she is actively performing the procedure.\n* The mannequin is positioned in a way that suggests it is receiving tracheal suctioning, with the tube inserted into its mouth and the woman holding it in place.\n\nOverall, based on the evidence presented in the image, it appears that the woman is performing tracheal suctioning on the mannequin.<|eot_id|>""}"
Oral suctioning_frame_13.jpg	No Suctioning	Tracheal Suctioning	{}
Oral suctioning_frame_15.jpg	No Suctioning	Tracheal Suctioning	{}
Oral suctioning_frame_16.jpg	No Suctioning	Tracheal Suctioning	{}
Oral suctioning_frame_2.jpg	No Suctioning	Tracheal Suctioning	{}
Oral suctioning_frame_4.jpg	No Suctioning	Tracheal Suctioning	{}
Oral suctioning_frame_5.jpg	No Suctioning	Tracheal Suctioning	"{'observation': ""**\nThe image depicts a woman in a medical setting, likely a hospital or nursing home, with a mannequin in a hospital bed. The woman is wearing a blue shirt and black pants, has blonde hair pulled back into a ponytail, and is wearing a black face mask and blue latex gloves. She is standing next to the hospital bed, holding a tube that appears to be connected to the mannequin's airway.\n\n**"", 'evidence': ""**\nThe key evidence that led to this conclusion includes:\n\n* The presence of a tube connected to the mannequin's airway, which suggests that the woman is performing suctioning to clear respiratory secretions from the mannequin's airways.\n* The woman's position at the head of the bed, which is consistent with the proper positioning for tracheal suctioning.\n* The use of a thin, flexible catheter, which is typical of tracheal suctioning procedures.\n* The absence of any oral suctioning equipment or dental setup, which rules out oral suctioning as a possibility.\n\nOverall, based on the evidence, it is clear that the woman is performing tracheal suctioning on the mannequin.<|eot_id|>""}"
Oral suctioning_frame_6.jpg	No Suctioning	Tracheal Suctioning	{}
Oral suctioning_frame_8.jpg	Oral Suctioning	Tracheal Suctioning	"{'observation': ""** The image shows a woman in a blue shirt and black pants, wearing gloves and a mask, standing next to a hospital bed with a mannequin inside. The woman is holding a suction catheter with the tube visibly penetrating the mannequin's neck through a tracheostomy opening.\n\n**"", 'evidence': '**\n\n* Direct insertion of catheter through tracheostomy site in neck\n* Sterile catheter penetrating at least 10cm into trachea\n* Proper positioning of woman at head of bed\n* Thin, flexible catheter appropriate for tracheal procedures\n\n**CONCLUSION:** Based on the analysis, the scenario depicted in the image is classified as Tracheal Suctioning.<|eot_id|>'}"
Oral suctioning_frame_9.jpg	Oral Suctioning	Tracheal Suctioning	"{'observation': ""**\nThe image depicts a woman in a hospital setting, wearing a mask and gloves, standing next to a mannequin in a hospital bed. The woman is holding a suction device with the tube visible inside the mannequin's tracheostomy opening.\n\n**"", 'evidence': ""**\n\n* The suction device is actively inserted through the tracheostomy opening in the mannequin's neck, indicating tracheal suctioning.\n* The woman is positioned at the head of the bed, within 30cm of the mannequin's head, which is consistent with the proper positioning for tracheal suctioning.\n* The equipment used is a thin, flexible catheter, which is appropriate for tracheal suctioning procedures.\n* The mannequin is lying supine, which is a common position for patients undergoing tracheal suctioning.\n\n**CONCLUSION:**\nBased on the observation and evidence, the scenario depicted in the image is classified as Tracheal Suctioning.<|eot_id|>""}"
Performing Oropharyngeal Suctioning_frame_1.jpg	No Suctioning	Tracheal Suctioning	{}
Performing Oropharyngeal Suctioning_frame_10.jpg	No Suctioning	Tracheal Suctioning	{}
Performing Oropharyngeal Suctioning_frame_16.jpg	No Suctioning	Tracheal Suctioning	"{'observation': '** The image depicts a medical professional, likely a nurse, standing in front of a hospital bed, dressed in blue scrubs and wearing a watch and a badge on her left side. She is holding a tube connected to a plastic bottle, with her right hand wearing a blue latex glove. On the bedside table, various items are arranged, including a pink cup, a large plastic bottle, a tissue box, and two white containers. The background features a hospital bed with gray rails, set against a beige wall.\n\n**', 'evidence': ""**\n\n* The medical professional is holding a tube connected to a plastic bottle, which is likely a suction catheter.\n* The tube appears to be inserted into the patient's airway, as indicated by the presence of a tracheostomy tube in the background.\n* The medical professional is wearing a watch and a badge, suggesting that she is a healthcare professional.\n* The bedside table has various medical supplies, including a tissue box and a plastic bottle, which are consistent with a medical setting.\n* The hospital bed with gray rails and the beige wall in the background further support the conclusion that this is a medical setting.\n\n**CONCLUSION:** Based on the evidence, it is likely that the medical professional is performing tracheal suctioning on the patient. The presence of a tracheostomy tube, the medical professional's attire and equipment, and the medical supplies on the bedside table all support this conclusion.<|eot_id|>""}"
Performing Oropharyngeal Suctioning_frame_20.jpg	No Suctioning	Tracheal Suctioning	{}
Performing Oropharyngeal Suctioning_frame_22.jpg	No Suctioning	Tracheal Suctioning	{}
Performing Oropharyngeal Suctioning_frame_24.jpg	Oral Suctioning	No Suctioning	"{'observation': ""**\n\nThe image shows a person reclining in a hospital bed, receiving oxygen therapy. The individual, with short brown hair, lies on their back, wearing a light blue hospital gown with purple floral patterns. A clear plastic oxygen mask is securely fastened to their face, connected by a thin tube that runs up to a clear plastic oxygen tank visible in the background. The person's right hand, clad in a blue latex glove, holds the tube in place, while their left hand rests beside them. The hospital bed features white sheets and a white pillow, with a red outlet and a white switch plate visible on the wall behind the patient's head. The beige-colored wall provides a neutral backdrop for the scene.\n\n**"", 'evidence': ""**\n\n* The suction device is not inserted into the patient's airways or oral cavity.\n* The device is not actively being used for suctioning.\n* The caregiver is not positioned in a way that suggests they are actively performing suctioning.\n* There is no visible tube insertion or contact with the patient's airways or oral cavity.\n* The equipment type does not match the procedure specifications for either oral or tracheal suctioning.\n* The caregiver is not in the correct position for either procedure.\n\nTherefore, based on the analysis, the image does not depict a patient undergoing suctioning using a tube.<|eot_id|>""}"
Performing Oropharyngeal Suctioning_frame_25.jpg	Oral Suctioning	Tracheal Suctioning	"{'observation': '**\n\nThe image shows a woman lying in a hospital bed, with a tube inserted into her nose. The tube is connected to a medical device or equipment, and a person wearing blue gloves is holding the tube. The woman is wearing a hospital gown and has short brown hair. She appears to be in a hospital setting, with a white sheet and pillow on the bed, and a red outlet on the wall behind the bed.\n\n**', 'evidence': ""**\n\nThe key evidence that led to this conclusion includes:\n\n* The presence of a tube inserted into the woman's nose, which suggests that the procedure is related to her respiratory system.\n* The connection of the tube to a medical device or equipment, which implies that the procedure is being performed using specialized medical equipment.\n* The presence of a person wearing blue gloves holding the tube, which suggests that the procedure is being performed by a healthcare professional.\n* The hospital setting, which indicates that the procedure is being performed in a medical facility.\n\nOverall, the combination of these factors suggests that the woman is undergoing tracheal suctioning, which is a medical procedure used to remove secretions from the airways.<|eot_id|>""}"
Performing Oropharyngeal Suctioning_frame_26.jpg	Oral Suctioning	Tracheal Suctioning	"{'observation': ""**\n\nThe image shows a woman in blue medical uniform, standing beside a hospital bed and attending to a patient. The woman is holding a tube connected to the patient's nose, while the patient lies on their back, covered with a white blanket and an oxygen tube inserted into their nose.\n\n**"", 'evidence': ""**\n\n* The woman is holding a tube connected to the patient's nose, which suggests that she is actively performing suctioning.\n* The patient is lying on their back, which is consistent with the positioning required for tracheal suctioning.\n* The presence of an oxygen tube inserted into the patient's nose further supports the conclusion that this is a medical procedure.\n* The woman's positioning and the equipment used are consistent with the typical setup for tracheal suctioning in a hospital setting.\n\nTherefore, based on the observation and evidence, the correct classification is **Tracheal Suctioning**.<|eot_id|>""}"
Performing Oropharyngeal Suctioning_frame_27.jpg	Oral Suctioning	No Suctioning	"{'observation': ""**\n\nThe image depicts a serene scene in a hospital room, where a nurse is attending to a patient. The nurse, with blonde hair tied in a ponytail, is dressed in blue scrubs and a green lanyard, and is positioned beside the patient's bed. She is wearing blue latex gloves and holding a nasal cannula in her right hand, which is connected to an oxygen tank behind her. The patient, lying on their back with their head slightly elevated, is wearing a light blue hospital gown with blue dots and has an oxygen tube in their nose. Their eyes are closed, and they appear to be resting.\n\n**"", 'evidence': '**\n\nThe key evidence that led to this conclusion includes:\n\n* The nurse is holding a nasal cannula, which is not a suction device.\n* The patient does not have any visible suction equipment inserted into their body.\n* The patient is lying on their back with their head slightly elevated, which is not a position typically associated with suctioning procedures.\n* The nurse is not actively performing any suctioning procedure, as evidenced by her calm demeanor and the absence of any suction equipment in use.\n\nTherefore, based on the evidence, I conclude that this scenario does not depict a patient undergoing suctioning using a tube.<|eot_id|>'}"
Performing Oropharyngeal Suctioning_frame_28.jpg	Oral Suctioning	Tracheal Suctioning	{}
Performing Oropharyngeal Suctioning_frame_29.jpg	Oral Suctioning	Tracheal Suctioning	{}
Performing Oropharyngeal Suctioning_frame_30.jpg	Oral Suctioning	Tracheal Suctioning	"{'observation': ""**\n\nThe image depicts a woman lying in a hospital bed, receiving medical attention. She is positioned on her back, with her head resting on a pillow, and her eyes closed. A clear plastic tube is being held in front of her face by a gloved hand, while another tube extends from her nose, attached to an oxygen mask. The woman's face and upper body are prominent, with the tubes and mask drawing attention to her medical treatment.\n\n**"", 'evidence': ""**\n\nThe key evidence that led to this conclusion includes:\n\n* The presence of a clear plastic tube extending from the woman's nose, attached to an oxygen mask, which suggests that she is receiving oxygen therapy to aid her breathing.\n* The gloved hand holding a tube in front of the woman's face, which implies that the medical professional is actively performing suctioning.\n* The woman's position on her back, with her head resting on a pillow, which is consistent with the medical setup for tracheal suctioning.\n* The use of a sterile catheter, which is typical for tracheal suctioning procedures.\n\nOverall, the image suggests that the woman is undergoing tracheal suctioning to clear her airways and improve her breathing.<|eot_id|>""}"
Performing Oropharyngeal Suctioning_frame_31.jpg	Oral Suctioning	Tracheal Suctioning	"{'observation': ""**\n\nThe image depicts a patient in a hospital bed, with a medical professional attending to them. The patient is lying on their back with their head elevated and mouth open. They are wearing a light blue hospital gown and have an oxygen tube attached to their nose. The medical professional is wearing blue latex gloves and holding a long tube that extends from the patient's nose to a nearby container.\n\n**"", 'evidence': ""**\n\nThe key evidence that led to this conclusion includes:\n\n* The presence of a tracheostomy tube in the patient's neck, indicating that the patient has a tracheostomy.\n* The medical professional is holding a thin, flexible catheter (approximately 10-14 French/3.3-4.7mm diameter) that is actively inserted through the tracheostomy opening into the patient's trachea.\n* The patient is lying supine, which is consistent with the positioning required for tracheal suctioning.\n* The medical professional is standing at the head of the bed, within 30cm of the patient's head, which is the recommended position for tracheal suctioning.\n\nOverall, the evidence suggests that the patient is undergoing tracheal suctioning to clear respiratory secretions from their airways.<|eot_id|>""}"
Performing Oropharyngeal Suctioning_frame_32.jpg	Oral Suctioning	Tracheal Suctioning	"{'observation': ""** A person is lying in a hospital bed, with a medical professional attending to them. The medical professional is holding a clear plastic tube that appears to be connected to a machine or device behind the patient's head. The tube is inserted into the patient's nose, and the medical professional is adjusting it.\n\n**"", 'evidence': ""**\n\n*   The medical professional is holding a clear plastic tube that is inserted into the patient's nose.\n*   The tube is connected to a machine or device behind the patient's head, which suggests that it is a medical device used for suctioning.\n*   The patient is lying in a hospital bed, which is a typical setting for medical procedures such as tracheal suctioning.\n*   The medical professional is wearing blue latex gloves, which is a common practice in medical settings to prevent the spread of infection.\n\n**REASONS FOR CLASSIFICATION:**\n\n*   The presence of the medical professional and the equipment suggests that the patient is receiving medical treatment.\n*   The tube is inserted into the patient's nose, which is a common location for tracheal suctioning.\n*   The machine or device behind the patient's head is likely a ventilator or other medical equipment used for suctioning.\n*   The medical professional's positioning and the equipment used suggest that the procedure is being performed in a medical setting, consistent with tracheal suctioning.\n\n**CONCLUSION:**\n\nBased on the observation and analysis, the scenario depicted in the image shows a patient undergoing tracheal suctioning. The presence of the medical professional, the equipment, and the patient's positioning all support this classification.<|eot_id|>""}"
Performing Oropharyngeal Suctioning_frame_33.jpg	Oral Suctioning	Tracheal Suctioning	{}
Suctioning (National Tracheostomy Safety Project)_frame_0.jpg	No Suctioning	Oral Suctioning	{}
Suctioning (National Tracheostomy Safety Project)_frame_13.jpg	Tracheal Suctioning	No Suctioning	"{'observation': ""** The image shows a medical device, likely an oxygen mask or ventilator, with a clear plastic tube and a green cord. The device is placed on a person's face, with the tube inserted into their mouth. The person is lying on a hospital bed, covered with a blue and white patterned sheet.\n\n**"", 'evidence': ""**\n\n* The suction device is not actively inserted into the patient's body.\n* The device is not visibly connected to the patient's airways.\n* The caregiver is not positioned correctly for either oral or tracheal suctioning.\n* The equipment type does not match the procedure specifications for either oral or tracheal suctioning.\n* There is no clear evidence of ongoing suctioning process.\n\nBased on the observation and evidence, the image does not show a patient undergoing suctioning using a tube.<|eot_id|>""}"
Suctioning (National Tracheostomy Safety Project)_frame_31.jpg	No Suctioning	Oral Suctioning	"{'observation': 'The image shows a person wearing blue latex gloves, with their hands prominently featured in the foreground. The individual is grasping a small, white object with their right hand, which appears to be a medical device or tool. The left hand is partially visible, with the fingers curled around the object, while the right hand is positioned to hold it in place. In the background, a blurred figure is visible, possibly another person or a medical professional, although their features are not discernible.', 'evidence': ""* The person is wearing blue latex gloves, which are commonly used in medical settings.\n* The object being held by the person's right hand is small and white, which could be a dental suction device.\n* The person's left hand is curled around the object, suggesting that they are actively holding it in place.\n* The background is blurred, but it appears to be a medical setting, such as a dentist's office.\n* The person's positioning and the equipment being used are consistent with oral suctioning, which is typically performed by a dentist or dental assistant.\n\nBased on these observations, it is likely that the person in the image is performing oral suctioning using a dental suction device.<|eot_id|>""}"
Suctioning (National Tracheostomy Safety Project)_frame_33.jpg	No Suctioning	Tracheal Suctioning	{}
Suctioning (National Tracheostomy Safety Project)_frame_39.jpg	No Suctioning	Tracheal Suctioning	{}
Suctioning (National Tracheostomy Safety Project)_frame_40.jpg	No Suctioning	Tracheal Suctioning	{'observation': 'The image shows a person with a tracheostomy tube in their neck, and a suction catheter is visible.', 'evidence': '* The person has a tracheostomy tube in their neck, indicating that they are undergoing tracheal suctioning.\n* The suction catheter is visible and appears to be inserted into the tracheostomy tube, further supporting the classification of tracheal suctioning.\n* The person is lying on their back, which is consistent with the proper positioning for tracheal suctioning.\n* The suction catheter is thin and flexible, which is typical of tracheal suctioning equipment.\n\nOverall, the image clearly shows a person undergoing tracheal suctioning, with the necessary equipment and positioning in place.<|eot_id|>'}
Suctioning (National Tracheostomy Safety Project)_frame_6.jpg	No Suctioning	Tracheal Suctioning	{}
Suctioning (National Tracheostomy Safety Project)_frame_9.jpg	No Suctioning	Tracheal Suctioning	{}
